mutant	score
F30A	0.215368207
N35A	0.01267343
W43V	0.003314476
N35K	0.007073232
Q2K	1.330503695
V21A	0.988535235
I6T	1.075217365
W43I	0.003195523
V21K	0.992821758
N35E	0.006849779
T18V	1.150837329
Q2T	1.325407967
V21T	0.952115064
W43L	0.003635068
Q2A	1.51792955
A23K	0.063505722
N35D	0.00681126
W43F	0.013119076
K13T	1.683699594
W43A	0.003771444
