mutant	score
F30A	0.215368207
N35A	0.01267343
W43V	0.003314476
N35K	0.007073232
Q2K	1.330503695
V21A	0.988535235
I6T	1.075217365
W43I	0.003195523
V21K	0.992821758
N35E	0.006849779
T18V	1.150837329
Q2T	1.325407967
V21T	0.952115064
W43L	0.003635068
Q2A	1.51792955
A23K	0.063505722
N35D	0.00681126
W43F	0.013119076
K13T	1.683699594
W43A	0.003771444
N35T	0.096509752
D47E	1.120310356
F30L	0.786225525
T18I	0.859085055
K13D	0.553788497
F30V	0.40505951
V21S	0.998182978
V21D	0.746521566
Q2S	1.274878334
V21P	0.917090584
T11E	0.307619914
W43Y	0.008062421
K13S	1.592799338
D40T	1.005856115
K13E	0.835052524
T18F	0.919844333
L12V	0.332154193
V29A	1.340741892
F30G	0.047829032
L7V	1.256817461
D47A	1.715671172
E42T	1.832548719
F30I	0.200057718
V21E	0.658531716
N35S	0.049132517
K28A	0.050092823
L5V	0.724469392
E56K	0.257557649
T16V	0.73814301
A34L	0.041603087
